"(PDH-CSV 4.0) (Eastern Standard Time)(300)","\\ELIXIR\Process(calc)\% Processor Time","\\ELIXIR\Process(calc)\IO Data Bytes/sec","\\ELIXIR\Process(calc)\IO Read Operations/sec","\\ELIXIR\Process(calc)\IO Write Operations/sec","\\ELIXIR\Process(calc)\Thread Count","\\ELIXIR\Process(calc)\Virtual Bytes"
"11/07/2013 19:53:15.909","0.20000000000000001","0","0","0","1","29290496"
"11/07/2013 19:53:20.916","0.20000000000000001","0","0","0","1","29290496"
"11/07/2013 19:53:25.924","0","0","0","0","1","29290496"
"11/07/2013 19:53:30.931","0","0","0","0","1","29290496"
"11/07/2013 19:53:35.938","0","0","0","0","1","29290496"
"11/07/2013 19:53:40.945","0","0","0","0","1","29290496"
"11/07/2013 19:53:45.952","0","0","0","0","1","29290496"
"11/07/2013 19:53:50.960","0.40000000000000002","0","0","0","1","29290496"
"11/07/2013 19:53:55.967","0","0","0","0","1","29290496"
"11/07/2013 19:54:00.974","0","0","0","0","1","29290496"
"11/07/2013 19:54:05.981","0","0","0","0","1","29290496"
"11/07/2013 19:54:10.988","0.40000000000000002","0","0","0","2","29552640"
"11/07/2013 19:54:15.996","0.20000000000000001","0","0","0","2","29552640"
"11/07/2013 19:54:21.003","0","0","0","0","2","29552640"
"11/07/2013 19:54:26.010","0.40000000000000002","0","0","0","2","29552640"
"11/07/2013 19:54:31.017","0","0","0","0","2","29552640"
"11/07/2013 19:54:36.024","0.40000000000000002","0","0","0","2","29552640"
"11/07/2013 19:54:41.032","0","0","0","0","2","29552640"
"11/07/2013 19:54:46.039","0","0","0","0","2","29552640"
"11/07/2013 19:54:51.046","0","0","0","0","2","29552640"
"11/07/2013 19:54:56.053","0","0","0","0","2","29552640"
"11/07/2013 19:55:01.060","0.80000000000000004","0","0","0","2","29552640"
"11/07/2013 19:55:06.068","0.40000000000000002","0","0","0","2","29552640"
"11/07/2013 19:55:11.075","0.40000000000000002","0","0","0","2","29552640"
"11/07/2013 19:55:16.082","0.20000000000000001","0","0","0","2","29552640"
"11/07/2013 19:55:21.089","0.59999999999999998","0","0","0","2","29552640"
"11/07/2013 19:55:26.096","1","0","0","0","2","29552640"
"11/07/2013 19:55:31.104","0","0","0","0","2","29552640"
"11/07/2013 19:55:36.111","0.20000000000000001","0","0","0","2","29552640"
"11/07/2013 19:55:41.118","0.59999999999999998","0","0","0","2","29552640"
"11/07/2013 19:55:46.125","0","0","0","0","2","29552640"
"11/07/2013 19:55:51.132","0","0","0","0","2","29552640"
"11/07/2013 19:55:56.140","0.20000000000000001","0","0","0","2","29552640"
"11/07/2013 19:56:01.147","0","0","0","0","2","29552640"
"11/07/2013 19:56:06.154","0.20000000000000001","0","0","0","2","29552640"
"11/07/2013 19:56:11.161","2.6000000000000001","99.457485425035273","0.1997138261546893","0.1997138261546893","2","29552640"
"11/07/2013 19:56:16.168","0.59999999999999998","0","0","0","2","29552640"
"11/07/2013 19:56:21.176","0.20000000000000001","0","0","0","2","29552640"
"11/07/2013 19:56:26.183","0.80000000000000004","0","0","0","2","29552640"
"11/07/2013 19:56:31.190","2.1999999999999997","0","0","0","2","29552640"
"11/07/2013 19:56:36.197","1.2","0","0","0","2","29552640"
"11/07/2013 19:56:41.204","1","0","0","0","2","29552640"
"11/07/2013 19:56:46.212","0.80000000000000004","0","0","0","2","29552640"
"11/07/2013 19:56:51.219","0.40000000000000002","0","0","0","2","29552640"
"11/07/2013 19:56:56.226","1","0","0","0","2","29552640"
"11/07/2013 19:57:01.233","2.8000000000000003","0","0","0","2","29552640"
"11/07/2013 19:57:06.240","1","0","0","0","2","29552640"
"11/07/2013 19:57:11.248","0.80000000000000004","0","0","0","2","29552640"
"11/07/2013 19:57:16.255","2","0","0","0","2","29552640"
"11/07/2013 19:57:21.262","1.7999999999999998","0","0","0","2","29552640"
"11/07/2013 19:57:26.269","0.80000000000000004","0","0","0","2","29552640"
"11/07/2013 19:57:31.276","0.80000000000000004","0","0","0","2","29552640"
"11/07/2013 19:57:36.284","0.59999999999999998","0","0","0","2","29552640"
"11/07/2013 19:57:41.291","1.2","0","0","0","2","29552640"
"11/07/2013 19:57:46.298","1.4000000000000001","0","0","0","2","29552640"
"11/07/2013 19:57:51.305","0","0","0","0","2","29552640"
"11/07/2013 19:57:56.312","2.1999999999999997","0","0","0","2","29552640"
"11/07/2013 19:58:01.320","0.59999999999999998","0","0","0","2","29552640"
"11/07/2013 19:58:06.327","0","0","0","0","2","29552640"
"11/07/2013 19:58:11.334","0.20000000000000001","0","0","0","2","29552640"
"11/07/2013 19:58:16.341","0.59999999999999998","0","0","0","2","29552640"
"11/07/2013 19:58:21.348","0.80000000000000004","0","0","0","2","29552640"
"11/07/2013 19:58:26.356","1","0","0","0","2","29552640"
"11/07/2013 19:58:31.363","1.4000000000000001","0","0","0","2","29552640"
"11/07/2013 19:58:36.370","1","0","0","0","2","29552640"
"11/07/2013 19:58:41.377","1.4000000000000001","0","0","0","2","29552640"
"11/07/2013 19:58:46.384","2.8000000000000003","0","0","0","2","29552640"
"11/07/2013 19:58:51.392","0.40000000000000002","0","0","0","2","29552640"
"11/07/2013 19:58:56.399","0.20000000000000001","0","0","0","2","29552640"
"11/07/2013 19:59:01.406","0.80000000000000004","0","0","0","2","29552640"
"11/07/2013 19:59:06.413","1.2","0","0","0","2","29552640"
"11/07/2013 19:59:11.420","0.80000000000000004","0","0","0","2","29552640"
"11/07/2013 19:59:16.428","1.4000000000000001","0","0","0","2","29552640"
"11/07/2013 19:59:21.435","1","0","0","0","2","29552640"
"11/07/2013 19:59:26.442","0","0","0","0","2","29552640"
"11/07/2013 19:59:31.449","0","0","0","0","2","29552640"
"11/07/2013 19:59:36.456","0","0","0","0","2","29552640"
"11/07/2013 19:59:41.464","0","0","0","0","2","29552640"
"11/07/2013 19:59:46.471","0","0","0","0","2","29552640"
"11/07/2013 19:59:51.478","0.80000000000000004","0","0","0","2","29552640"
"11/07/2013 19:59:56.485","0.20000000000000001","0","0","0","2","29552640"
"11/07/2013 20:00:01.492","0","0","0","0","2","29552640"
"11/07/2013 20:00:06.500","0","0","0","0","2","29552640"
"11/07/2013 20:00:11.507","0","0","0","0","2","29552640"
"11/07/2013 20:00:16.514","0.20000000000000001","0","0","0","2","29552640"
"11/07/2013 20:00:21.521","0","0","0","0","2","29552640"
"11/07/2013 20:00:26.528","0","0","0","0","2","29552640"
"11/07/2013 20:00:31.536","0","0","0","0","2","29552640"
"11/07/2013 20:00:36.543","0","0","0","0","2","29552640"
"11/07/2013 20:00:41.550","0","0","0","0","2","29552640"
"11/07/2013 20:00:46.557","0.20000000000000001","0","0","0","2","29552640"
"11/07/2013 20:00:51.564","0.59999999999999998","0","0","0","2","29552640"
"11/07/2013 20:00:56.572","0","0","0","0","2","29552640"
"11/07/2013 20:01:01.579","0","0","0","0","2","29552640"
"11/07/2013 20:01:06.586","0","0","0","0","2","29552640"
"11/07/2013 20:01:11.593","0","0","0","0","2","29552640"
"11/07/2013 20:01:16.600","0","0","0","0","2","29552640"
"11/07/2013 20:01:21.608","0.20000000000000001","0","0","0","2","29552640"
"11/07/2013 20:01:26.615","0","0","0","0","2","29552640"
"11/07/2013 20:01:31.622","0.20000000000000001","0","0","0","2","29552640"
"11/07/2013 20:01:36.629","0","0","0","0","2","29552640"
"11/07/2013 20:01:41.636","0","0","0","0","2","29552640"
"11/07/2013 20:01:46.644","0","0","0","0","2","29552640"
"11/07/2013 20:01:51.651","0","0","0","0","2","29552640"
"11/07/2013 20:01:56.658","0","0","0","0","2","29552640"
"11/07/2013 20:02:01.665","0","0","0","0","2","29552640"
"11/07/2013 20:02:06.672","0","0","0","0","2","29552640"
"11/07/2013 20:02:11.680","0","0","0","0","2","29552640"
"11/07/2013 20:02:16.687","0","0","0","0","2","29552640"
"11/07/2013 20:02:21.694","0","0","0","0","2","29552640"
"11/07/2013 20:02:26.701","0","0","0","0","2","29552640"
"11/07/2013 20:02:31.708","0.20000000000000001","0","0","0","2","29552640"
"11/07/2013 20:02:36.716","0","0","0","0","2","29552640"
"11/07/2013 20:02:41.723","0","0","0","0","2","29552640"
"11/07/2013 20:02:46.730","0","0","0","0","2","29552640"
"11/07/2013 20:02:51.737","0.20000000000000001","0","0","0","2","29552640"
"11/07/2013 20:02:56.744","0","0","0","0","2","29552640"
"11/07/2013 20:03:01.752","0","0","0","0","2","29552640"
"11/07/2013 20:03:06.759","0","0","0","0","2","29552640"
"11/07/2013 20:03:11.766","0","0","0","0","2","29552640"
"11/07/2013 20:03:16.773","0","0","0","0","2","29552640"
"11/07/2013 20:03:21.780","0","0","0","0","2","29552640"
"11/07/2013 20:03:26.788","0","0","0","0","2","29552640"
"11/07/2013 20:03:31.795","0","0","0","0","2","29552640"
"11/07/2013 20:03:36.802","0","0","0","0","2","29552640"
"11/07/2013 20:03:41.809","0.20000000000000001","0","0","0","2","29552640"
"11/07/2013 20:03:46.816","0","0","0","0","2","29552640"
"11/07/2013 20:03:51.824","0","0","0","0","2","29552640"
"11/07/2013 20:03:56.831","0","0","0","0","2","29552640"
"11/07/2013 20:04:01.838","0","0","0","0","2","29552640"
"11/07/2013 20:04:06.845","0","0","0","0","2","29552640"
"11/07/2013 20:04:11.852","0","0","0","0","2","29552640"
"11/07/2013 20:04:16.860","0","0","0","0","2","29552640"
"11/07/2013 20:04:21.867","0","0","0","0","2","29552640"
"11/07/2013 20:04:26.874","0","0","0","0","2","29552640"
"11/07/2013 20:04:31.881","0.20000000000000001","0","0","0","2","29552640"
"11/07/2013 20:04:36.888","0","0","0","0","2","29552640"
"11/07/2013 20:04:41.896","0.20000000000000001","0","0","0","2","29552640"
"11/07/2013 20:04:46.903","0","0","0","0","2","29552640"
"11/07/2013 20:04:51.910","0","0","0","0","2","29552640"
"11/07/2013 20:04:56.917","0.20000000000000001","0","0","0","2","29552640"
"11/07/2013 20:05:01.924","0","0","0","0","2","29552640"
"11/07/2013 20:05:06.932","0.20000000000000001","0","0","0","2","29552640"
"11/07/2013 20:05:11.939","0","0","0","0","2","29552640"
"11/07/2013 20:05:16.946","0.20000000000000001","0","0","0","2","29552640"
"11/07/2013 20:05:21.953","0","0","0","0","2","29552640"
"11/07/2013 20:05:26.960","0","0","0","0","2","29552640"
"11/07/2013 20:05:31.968","0","0","0","0","2","29552640"
"11/07/2013 20:05:36.975","0","0","0","0","2","29552640"
"11/07/2013 20:05:41.982","0","0","0","0","2","29552640"
"11/07/2013 20:05:46.989","0","0","0","0","2","29552640"
"11/07/2013 20:05:51.996","0","0","0","0","2","29552640"
"11/07/2013 20:05:57.004","0","0","0","0","2","29552640"
"11/07/2013 20:06:02.011","0","0","0","0","2","29552640"
"11/07/2013 20:06:07.018","0","0","0","0","2","29552640"
"11/07/2013 20:06:12.025","0","0","0","0","2","29552640"
"11/07/2013 20:06:17.032","0","0","0","0","2","29552640"
"11/07/2013 20:06:22.040","0.20000000000000001","0","0","0","2","29552640"
"11/07/2013 20:06:27.047","0.20000000000000001","0","0","0","2","29552640"
"11/07/2013 20:06:32.054","0","0","0","0","2","29552640"
"11/07/2013 20:06:37.061","0","0","0","0","2","29552640"
"11/07/2013 20:06:42.068","0","0","0","0","2","29552640"
"11/07/2013 20:06:47.076","0","0","0","0","2","29552640"
"11/07/2013 20:06:52.083","0","0","0","0","2","29552640"
"11/07/2013 20:06:57.090","0.40000000000000002","0","0","0","2","29552640"
"11/07/2013 20:07:02.097","0","0","0","0","2","29552640"
"11/07/2013 20:07:07.104","0.20000000000000001","0","0","0","2","29552640"
"11/07/2013 20:07:12.112","0","0","0","0","2","29552640"
"11/07/2013 20:07:17.119","0","0","0","0","2","29552640"
"11/07/2013 20:07:22.126","0","0","0","0","2","29552640"
"11/07/2013 20:07:27.133","0.20000000000000001","0","0","0","2","29552640"
"11/07/2013 20:07:32.140","0","0","0","0","2","29552640"
"11/07/2013 20:07:37.148","0","0","0","0","2","29552640"
"11/07/2013 20:07:42.155","0.20000000000000001","0","0","0","2","29552640"
"11/07/2013 20:07:47.162","0","0","0","0","2","29552640"
"11/07/2013 20:07:52.169","0","0","0","0","2","29552640"
"11/07/2013 20:07:57.176","0","0","0","0","2","29552640"
"11/07/2013 20:08:02.184","0","0","0","0","2","29552640"
"11/07/2013 20:08:07.191","0","0","0","0","2","29552640"
"11/07/2013 20:08:12.198","0.20000000000000001","0","0","0","2","29552640"
"11/07/2013 20:08:17.205","0","0","0","0","2","29552640"
"11/07/2013 20:08:22.212","0","0","0","0","2","29552640"
"11/07/2013 20:08:27.220","0","0","0","0","2","29552640"
"11/07/2013 20:08:32.227","0","0","0","0","2","29552640"
"11/07/2013 20:08:37.234","0","0","0","0","2","29552640"
"11/07/2013 20:08:42.241","0","0","0","0","2","29552640"
"11/07/2013 20:08:47.248","0","0","0","0","2","29552640"
"11/07/2013 20:08:52.256","0.20000000000000001","0","0","0","2","29552640"
"11/07/2013 20:08:57.263","0","0","0","0","2","29552640"
"11/07/2013 20:09:02.270","0","0","0","0","2","29552640"
"11/07/2013 20:09:07.277","0","0","0","0","2","29552640"
"11/07/2013 20:09:12.284","0.20000000000000001","0","0","0","2","29552640"
"11/07/2013 20:09:17.292","0","0","0","0","2","29552640"
"11/07/2013 20:09:22.299","0.40000000000000002","0","0","0","2","29552640"
"11/07/2013 20:09:27.306","0","0","0","0","2","29552640"
"11/07/2013 20:09:32.313","0","0","0","0","2","29552640"
"11/07/2013 20:09:37.320","0.20000000000000001","0","0","0","2","29552640"
"11/07/2013 20:09:42.328","0","0","0","0","2","29552640"
"11/07/2013 20:09:47.335","0","0","0","0","2","29552640"
"11/07/2013 20:09:52.342","0","0","0","0","2","29552640"
"11/07/2013 20:09:57.349","0.20000000000000001","0","0","0","2","29552640"
"11/07/2013 20:10:02.356","0","0","0","0","2","29552640"
"11/07/2013 20:10:07.364","0","0","0","0","2","29552640"
"11/07/2013 20:10:12.371","0.20000000000000001","0","0","0","2","29552640"
"11/07/2013 20:10:17.378","0.20000000000000001","0","0","0","2","29552640"
"11/07/2013 20:10:22.385","0","0","0","0","2","29552640"
"11/07/2013 20:10:27.392","0","0","0","0","2","29552640"
"11/07/2013 20:10:32.400","0.40000000000000002","0","0","0","2","29552640"
"11/07/2013 20:10:37.407","0","0","0","0","2","29552640"
"11/07/2013 20:10:42.414","0","0","0","0","2","29552640"
"11/07/2013 20:10:47.421","0","0","0","0","2","29552640"
"11/07/2013 20:10:52.428","0","0","0","0","2","29552640"
"11/07/2013 20:10:57.436","0","0","0","0","2","29552640"
"11/07/2013 20:11:02.443","0","0","0","0","2","29552640"
"11/07/2013 20:11:07.450","0.20000000000000001","0","0","0","2","29552640"
"11/07/2013 20:11:12.457","0","0","0","0","2","29552640"
"11/07/2013 20:11:17.464","0","0","0","0","2","29552640"
"11/07/2013 20:11:22.472","0","0","0","0","2","29552640"
"11/07/2013 20:11:27.479","0","0","0","0","2","29552640"
"11/07/2013 20:11:32.486","0","0","0","0","2","29552640"
"11/07/2013 20:11:37.493","0","0","0","0","2","29552640"
"11/07/2013 20:11:42.500","0","0","0","0","2","29552640"
"11/07/2013 20:11:47.508","0.20000000000000001","0","0","0","2","29552640"
"11/07/2013 20:11:52.515","0","0","0","0","2","29552640"
"11/07/2013 20:11:57.522","0","0","0","0","2","29552640"
"11/07/2013 20:12:02.529","0.40000000000000002","0","0","0","2","29552640"
"11/07/2013 20:12:07.536","0","0","0","0","2","29552640"
"11/07/2013 20:12:12.544","0","0","0","0","2","29552640"
"11/07/2013 20:12:17.551","0","0","0","0","2","29552640"
"11/07/2013 20:12:22.558","0.20000000000000001","0","0","0","2","29552640"
"11/07/2013 20:12:27.565","0","0","0","0","2","29552640"
"11/07/2013 20:12:32.572","0","0","0","0","2","29552640"
"11/07/2013 20:12:37.580","0","0","0","0","2","29552640"
"11/07/2013 20:12:42.587","0","0","0","0","2","29552640"
"11/07/2013 20:12:47.594","0","0","0","0","2","29552640"
"11/07/2013 20:12:52.601","0","0","0","0","2","29552640"
"11/07/2013 20:12:57.608","0","0","0","0","2","29552640"
"11/07/2013 20:13:02.616","0","0","0","0","2","29552640"
"11/07/2013 20:13:07.623","0","0","0","0","2","29552640"
"11/07/2013 20:13:12.630","0","0","0","0","2","29552640"
"11/07/2013 20:13:17.637","0","0","0","0","2","29552640"
"11/07/2013 20:13:22.644","0.20000000000000001","0","0","0","2","29552640"
"11/07/2013 20:13:27.652","0","0","0","0","2","29552640"
"11/07/2013 20:13:32.659","0.40000000000000002","0","0","0","2","29552640"
"11/07/2013 20:13:37.666","0.20000000000000001","0","0","0","2","29552640"
"11/07/2013 20:13:42.673","0","0","0","0","2","29552640"
"11/07/2013 20:13:47.680","0","0","0","0","2","29552640"
"11/07/2013 20:13:52.688","0.20000000000000001","0","0","0","2","29552640"
"11/07/2013 20:13:57.695","0.20000000000000001","0","0","0","2","29552640"
"11/07/2013 20:14:02.702","0","0","0","0","2","29552640"
"11/07/2013 20:14:07.709","0","0","0","0","2","29552640"
"11/07/2013 20:14:12.716","0","0","0","0","2","29552640"
"11/07/2013 20:14:17.724","0","0","0","0","2","29552640"
"11/07/2013 20:14:22.731","0","0","0","0","2","29552640"
"11/07/2013 20:14:27.738","0","0","0","0","2","29552640"
"11/07/2013 20:14:32.745","0.20000000000000001","0","0","0","2","29552640"
"11/07/2013 20:14:37.752","0","0","0","0","2","29552640"
"11/07/2013 20:14:42.760","0","0","0","0","2","29552640"
"11/07/2013 20:14:47.767","0","0","0","0","2","29552640"
"11/07/2013 20:14:52.774","0","0","0","0","2","29552640"
"11/07/2013 20:14:57.781","0.20000000000000001","0","0","0","2","29552640"
"11/07/2013 20:15:02.788","0","0","0","0","2","29552640"
"11/07/2013 20:15:07.796","0.20000000000000001","0","0","0","2","29552640"
"11/07/2013 20:15:12.803","0.20000000000000001","0","0","0","2","29552640"
"11/07/2013 20:15:17.810","0","0","0","0","2","29552640"
"11/07/2013 20:15:22.817","0","0","0","0","2","29552640"
"11/07/2013 20:15:27.824","0","0","0","0","2","29552640"
"11/07/2013 20:15:32.832","0","0","0","0","2","29552640"
"11/07/2013 20:15:37.839","0","0","0","0","2","29552640"
"11/07/2013 20:15:42.846","0","0","0","0","2","29552640"
"11/07/2013 20:15:47.853","0.20000000000000001","0","0","0","2","29552640"
"11/07/2013 20:15:52.860","0.20000000000000001","0","0","0","2","29552640"
"11/07/2013 20:15:57.868","0.20000000000000001","0","0","0","2","29552640"
"11/07/2013 20:16:02.875","0","0","0","0","2","29552640"
"11/07/2013 20:16:07.882","0","0","0","0","2","29552640"
"11/07/2013 20:16:12.889","0","0","0","0","2","29552640"
"11/07/2013 20:16:17.896","0.20000000000000001","0","0","0","2","29552640"
"11/07/2013 20:16:22.904","0","0","0","0","2","29552640"
"11/07/2013 20:16:27.911","0","0","0","0","2","29552640"
"11/07/2013 20:16:32.918","0","0","0","0","2","29552640"
"11/07/2013 20:16:37.925","0","0","0","0","2","29552640"
"11/07/2013 20:16:42.932","0","0","0","0","2","29552640"
"11/07/2013 20:16:47.940","0","0","0","0","2","29552640"
"11/07/2013 20:16:52.947","0","0","0","0","2","29552640"
"11/07/2013 20:16:57.954","0","0","0","0","2","29552640"
"11/07/2013 20:17:02.961","0.20000000000000001","0","0","0","2","29552640"
"11/07/2013 20:17:07.968","0","0","0","0","2","29552640"
"11/07/2013 20:17:12.976","0","0","0","0","2","29552640"
"11/07/2013 20:17:17.983","0","0","0","0","2","29552640"
"11/07/2013 20:17:22.990","0","0","0","0","2","29552640"
"11/07/2013 20:17:27.997","0","0","0","0","2","29552640"
"11/07/2013 20:17:33.004","0","0","0","0","2","29552640"
"11/07/2013 20:17:38.012","0.20000000000000001","0","0","0","2","29552640"
"11/07/2013 20:17:43.019","0","0","0","0","2","29552640"
"11/07/2013 20:17:48.026","0","0","0","0","2","29552640"
"11/07/2013 20:17:53.033","0","0","0","0","2","29552640"
"11/07/2013 20:17:58.040","0","0","0","0","2","29552640"
"11/07/2013 20:18:03.048","0.20000000000000001","0","0","0","2","29552640"
"11/07/2013 20:18:08.055","0","0","0","0","2","29552640"
"11/07/2013 20:18:13.062","0","0","0","0","2","29552640"
"11/07/2013 20:18:18.069","0","0","0","0","2","29552640"
"11/07/2013 20:18:23.076","0","0","0","0","2","29552640"
"11/07/2013 20:18:28.084","0","0","0","0","2","29552640"
"11/07/2013 20:18:33.091","0","0","0","0","2","29552640"
"11/07/2013 20:18:38.098","0","0","0","0","2","29552640"
"11/07/2013 20:18:43.105","0","0","0","0","2","29552640"
"11/07/2013 20:18:48.112","0.20000000000000001","0","0","0","2","29552640"
"11/07/2013 20:18:53.120","0","0","0","0","2","29552640"
"11/07/2013 20:18:58.127","0","0","0","0","2","29552640"
"11/07/2013 20:19:03.134","0","0","0","0","2","29552640"
"11/07/2013 20:19:08.141","0","0","0","0","2","29552640"
"11/07/2013 20:19:13.148","0","0","0","0","2","29552640"
"11/07/2013 20:19:18.156","0","0","0","0","2","29552640"
"11/07/2013 20:19:23.163","0","0","0","0","2","29552640"
"11/07/2013 20:19:28.170","0.20000000000000001","0","0","0","2","29552640"
"11/07/2013 20:19:33.177","0.20000000000000001","0","0","0","2","29552640"
"11/07/2013 20:19:38.184","0","0","0","0","2","29552640"
"11/07/2013 20:19:43.192","0.20000000000000001","0","0","0","2","29552640"
"11/07/2013 20:19:48.199","0","0","0","0","2","29552640"
"11/07/2013 20:19:53.206","0","0","0","0","2","29552640"
"11/07/2013 20:19:58.213","0","0","0","0","2","29552640"
"11/07/2013 20:20:03.220","0.20000000000000001","0","0","0","2","29552640"
"11/07/2013 20:20:08.228","0","0","0","0","2","29552640"
"11/07/2013 20:20:13.235","0","0","0","0","2","29552640"
"11/07/2013 20:20:18.242","0","0","0","0","2","29552640"
"11/07/2013 20:20:23.249","0","0","0","0","2","29552640"
"11/07/2013 20:20:28.256","0.20000000000000001","0","0","0","2","29552640"
"11/07/2013 20:20:33.264","0","0","0","0","2","29552640"
"11/07/2013 20:20:38.271","0.20000000000000001","0","0","0","2","29552640"
"11/07/2013 20:20:43.278","0","0","0","0","2","29552640"
"11/07/2013 20:20:48.285","0","0","0","0","2","29552640"
"11/07/2013 20:20:53.292","0","0","0","0","2","29552640"
"11/07/2013 20:20:58.300","0","0","0","0","2","29552640"
"11/07/2013 20:21:03.307","0","0","0","0","2","29552640"
"11/07/2013 20:21:08.314","0","0","0","0","2","29552640"
"11/07/2013 20:21:13.321","0.20000000000000001","0","0","0","2","29552640"
"11/07/2013 20:21:18.328","0.20000000000000001","0","0","0","2","29552640"
"11/07/2013 20:21:23.336","0","0","0","0","2","29552640"
"11/07/2013 20:21:28.343","0","0","0","0","2","29552640"
"11/07/2013 20:21:33.350","0.20000000000000001","0","0","0","2","29552640"
"11/07/2013 20:21:38.357","0","0","0","0","2","29552640"
"11/07/2013 20:21:43.364","0","0","0","0","2","29552640"
"11/07/2013 20:21:48.372","0.20000000000000001","0","0","0","2","29552640"
"11/07/2013 20:21:53.379","0","0","0","0","2","29552640"
"11/07/2013 20:21:58.386","0","0","0","0","2","29552640"
"11/07/2013 20:22:03.393","0","0","0","0","2","29552640"
"11/07/2013 20:22:08.400","0","0","0","0","2","29552640"
"11/07/2013 20:22:13.408","0","0","0","0","2","29552640"
"11/07/2013 20:22:18.415","0","0","0","0","2","29552640"
"11/07/2013 20:22:23.422","0","0","0","0","2","29552640"
"11/07/2013 20:22:28.429","0","0","0","0","2","29552640"
"11/07/2013 20:22:33.436","0","0","0","0","2","29552640"
"11/07/2013 20:22:38.444","0","0","0","0","2","29552640"
"11/07/2013 20:22:43.451","0.20000000000000001","0","0","0","2","29552640"
"11/07/2013 20:22:48.458","0.20000000000000001","0","0","0","2","29552640"
"11/07/2013 20:22:53.465","0","0","0","0","2","29552640"
"11/07/2013 20:22:58.472","0","0","0","0","2","29552640"
"11/07/2013 20:23:03.480","0.20000000000000001","0","0","0","2","29552640"
"11/07/2013 20:23:08.487","0","0","0","0","2","29552640"
"11/07/2013 20:23:13.494","0","0","0","0","2","29552640"
"11/07/2013 20:23:18.501","0.20000000000000001","0","0","0","2","29552640"
"11/07/2013 20:23:23.508","0","0","0","0","2","29552640"
"11/07/2013 20:23:28.516","0","0","0","0","2","29552640"
"11/07/2013 20:23:33.523","0","0","0","0","2","29552640"
"11/07/2013 20:23:38.530","0","0","0","0","2","29552640"
"11/07/2013 20:23:43.537","0.40000000000000002","0","0","0","2","29552640"
"11/07/2013 20:23:48.544","0","0","0","0","2","29552640"
"11/07/2013 20:23:53.552","0","0","0","0","2","29552640"
"11/07/2013 20:23:58.559","0","0","0","0","2","29552640"
"11/07/2013 20:24:03.566","0","0","0","0","2","29552640"
"11/07/2013 20:24:08.573","0","0","0","0","2","29552640"
"11/07/2013 20:24:13.580","0","0","0","0","2","29552640"
"11/07/2013 20:24:18.588","0","0","0","0","2","29552640"
"11/07/2013 20:24:23.595","0","0","0","0","2","29552640"
"11/07/2013 20:24:28.602","0","0","0","0","2","29552640"
"11/07/2013 20:24:33.609","0.20000000000000001","0","0","0","2","29552640"
"11/07/2013 20:24:38.616","0.20000000000000001","0","0","0","2","29552640"
"11/07/2013 20:24:43.624","0","0","0","0","2","29552640"
"11/07/2013 20:24:48.631","0","0","0","0","2","29552640"
"11/07/2013 20:24:53.638","0","0","0","0","2","29552640"
"11/07/2013 20:24:58.645","0","0","0","0","2","29552640"
"11/07/2013 20:25:03.652","0","0","0","0","2","29552640"
"11/07/2013 20:25:08.660","0","0","0","0","2","29552640"
"11/07/2013 20:25:13.667","0","0","0","0","2","29552640"
"11/07/2013 20:25:18.674","0","0","0","0","2","29552640"
"11/07/2013 20:25:23.681","0","0","0","0","2","29552640"
"11/07/2013 20:25:28.688","0","0","0","0","2","29552640"
"11/07/2013 20:25:33.696","0.20000000000000001","0","0","0","2","29552640"
"11/07/2013 20:25:38.703","0","0","0","0","2","29552640"
"11/07/2013 20:25:43.710","0","0","0","0","2","29552640"
"11/07/2013 20:25:48.717","0","0","0","0","2","29552640"
"11/07/2013 20:25:53.724","0","0","0","0","2","29552640"
"11/07/2013 20:25:58.732","0","0","0","0","2","29552640"
"11/07/2013 20:26:03.739","0","0","0","0","2","29552640"
"11/07/2013 20:26:08.746","0","0","0","0","2","29552640"
"11/07/2013 20:26:13.753","0","0","0","0","2","29552640"
"11/07/2013 20:26:18.760","0","0","0","0","2","29552640"
"11/07/2013 20:26:23.768","0","0","0","0","2","29552640"
"11/07/2013 20:26:28.775","0","0","0","0","2","29552640"
"11/07/2013 20:26:33.782","0.20000000000000001","0","0","0","2","29552640"
"11/07/2013 20:26:38.789","0","0","0","0","2","29552640"
"11/07/2013 20:26:43.796","0.20000000000000001","0","0","0","2","29552640"
"11/07/2013 20:26:48.804","0.20000000000000001","0","0","0","2","29552640"
"11/07/2013 20:26:53.811","0","0","0","0","2","29552640"
"11/07/2013 20:26:58.818","0.59999999999999998","0","0","0","2","29552640"
"11/07/2013 20:27:03.825","0","0","0","0","2","29552640"
"11/07/2013 20:27:08.832","0","0","0","0","2","29552640"
"11/07/2013 20:27:13.840","0","0","0","0","2","29552640"
"11/07/2013 20:27:18.847","0","0","0","0","2","29552640"
"11/07/2013 20:27:23.854","0","0","0","0","2","29552640"
"11/07/2013 20:27:28.861","0","0","0","0","2","29552640"
"11/07/2013 20:27:33.868","0","0","0","0","2","29552640"
"11/07/2013 20:27:38.876","0","0","0","0","2","29552640"
"11/07/2013 20:27:43.883","0","0","0","0","2","29552640"
"11/07/2013 20:27:48.890","0.20000000000000001","0","0","0","2","29552640"
"11/07/2013 20:27:53.897","0.20000000000000001","0","0","0","2","29552640"
"11/07/2013 20:27:58.904","0.20000000000000001","0","0","0","2","29552640"
"11/07/2013 20:28:03.912","0.20000000000000001","0","0","0","2","29552640"
"11/07/2013 20:28:08.919","0.20000000000000001","0","0","0","2","29552640"
"11/07/2013 20:28:13.926","0","0","0","0","2","29552640"
"11/07/2013 20:28:18.933","0.20000000000000001","0","0","0","2","29552640"
"11/07/2013 20:28:23.940","0","0","0","0","2","29552640"
"11/07/2013 20:28:28.948","0","0","0","0","2","29552640"
"11/07/2013 20:28:33.955","0","0","0","0","2","29552640"
"11/07/2013 20:28:38.962","0","0","0","0","2","29552640"
"11/07/2013 20:28:43.969","0","0","0","0","2","29552640"
"11/07/2013 20:28:48.976","0.20000000000000001","0","0","0","2","29552640"
"11/07/2013 20:28:53.984","0","0","0","0","2","29552640"
"11/07/2013 20:28:58.991","0","0","0","0","2","29552640"
"11/07/2013 20:29:03.998","0.20000000000000001","0","0","0","2","29552640"
"11/07/2013 20:29:09.005","0","0","0","0","2","29552640"
"11/07/2013 20:29:14.012","0","0","0","0","2","29552640"
"11/07/2013 20:29:19.020","0","0","0","0","2","29552640"
"11/07/2013 20:29:24.027","0","0","0","0","2","29552640"
"11/07/2013 20:29:29.034","0","0","0","0","2","29552640"
"11/07/2013 20:29:34.041","0","0","0","0","2","29552640"
"11/07/2013 20:29:39.048","0","0","0","0","2","29552640"
"11/07/2013 20:29:44.056","0","0","0","0","2","29552640"
"11/07/2013 20:29:49.063","0","0","0","0","2","29552640"
"11/07/2013 20:29:54.070","0","0","0","0","2","29552640"
"11/07/2013 20:29:59.077","0","0","0","0","2","29552640"
"11/07/2013 20:30:04.084","0","0","0","0","2","29552640"
"11/07/2013 20:30:09.092","0","0","0","0","2","29552640"
"11/07/2013 20:30:14.099","0","0","0","0","2","29552640"
"11/07/2013 20:30:19.106","0.20000000000000001","0","0","0","2","29552640"
"11/07/2013 20:30:24.113","0","0","0","0","2","29552640"
"11/07/2013 20:30:29.120","0","0","0","0","2","29552640"
"11/07/2013 20:30:34.128","0.20000000000000001","0","0","0","2","29552640"
"11/07/2013 20:30:39.135","0.20000000000000001","0","0","0","2","29552640"
"11/07/2013 20:30:44.142","0","0","0","0","2","29552640"
"11/07/2013 20:30:49.149","0","0","0","0","2","29552640"
"11/07/2013 20:30:54.156","0","0","0","0","2","29552640"
"11/07/2013 20:30:59.164","0.20000000000000001","0","0","0","2","29552640"
"11/07/2013 20:31:04.171","0.20000000000000001","0","0","0","2","29552640"
"11/07/2013 20:31:09.178","0","0","0","0","2","29552640"
"11/07/2013 20:31:14.185","0","0","0","0","2","29552640"
"11/07/2013 20:31:19.192","0.20000000000000001","0","0","0","2","29552640"
"11/07/2013 20:31:24.200","0","0","0","0","2","29552640"
"11/07/2013 20:31:29.207","0.20000000000000001","0","0","0","2","29552640"
"11/07/2013 20:31:34.214","0","0","0","0","2","29552640"
"11/07/2013 20:31:39.221","0","0","0","0","2","29552640"
"11/07/2013 20:31:44.228","0","0","0","0","2","29552640"
"11/07/2013 20:31:49.236","0.20000000000000001","0","0","0","2","29552640"
"11/07/2013 20:31:54.243","0","0","0","0","2","29552640"
"11/07/2013 20:31:59.250","0","0","0","0","2","29552640"
"11/07/2013 20:32:04.257","0","0","0","0","2","29552640"
"11/07/2013 20:32:09.264","0.20000000000000001","0","0","0","2","29552640"
"11/07/2013 20:32:14.272","0","0","0","0","2","29552640"
"11/07/2013 20:32:19.279","0","0","0","0","2","29552640"
"11/07/2013 20:32:24.286","0","0","0","0","2","29552640"
"11/07/2013 20:32:29.293","0","0","0","0","2","29552640"
"11/07/2013 20:32:34.300","0","0","0","0","2","29552640"
"11/07/2013 20:32:39.308","0","0","0","0","2","29552640"
"11/07/2013 20:32:44.315","0.20000000000000001","0","0","0","2","29552640"
"11/07/2013 20:32:49.322","0","0","0","0","2","29552640"
"11/07/2013 20:32:54.329","0","0","0","0","2","29552640"
"11/07/2013 20:32:59.336","0.20000000000000001","0","0","0","2","29552640"
"11/07/2013 20:33:04.344","0","0","0","0","2","29552640"
"11/07/2013 20:33:09.351","0.20000000000000001","0","0","0","2","29552640"
"11/07/2013 20:33:14.358","0","0","0","0","2","29552640"
"11/07/2013 20:33:19.365","0.20000000000000001","0","0","0","2","29552640"
"11/07/2013 20:33:24.372","0","0","0","0","2","29552640"
"11/07/2013 20:33:29.380","0.40000000000000002","0","0","0","2","29552640"
"11/07/2013 20:33:34.387","1","0","0","0","2","29552640"
"11/07/2013 20:33:39.394","0.59999999999999998","0","0","0","2","29552640"
"11/07/2013 20:33:44.401","2","0","0","0","2","29552640"
"11/07/2013 20:33:49.408","0.40000000000000002","0","0","0","2","29552640"
"11/07/2013 20:33:54.416","0","0","0","0","2","29552640"
"11/07/2013 20:33:59.423","0","0","0","0","2","29552640"
"11/07/2013 20:34:04.430","0","0","0","0","2","29552640"
"11/07/2013 20:34:09.437","0","0","0","0","2","29552640"
"11/07/2013 20:34:14.444","0.20000000000000001","0","0","0","2","29552640"
"11/07/2013 20:34:19.452","0.20000000000000001","0","0","0","2","29552640"
"11/07/2013 20:34:24.459","0","0","0","0","2","29552640"
"11/07/2013 20:34:29.466","0","0","0","0","2","29552640"
"11/07/2013 20:34:34.473","0","0","0","0","2","29552640"
"11/07/2013 20:34:39.480","0","0","0","0","2","29552640"
"11/07/2013 20:34:44.488","0","0","0","0","2","29552640"
"11/07/2013 20:34:49.495","0","0","0","0","2","29552640"
"11/07/2013 20:34:54.502","0.20000000000000001","0","0","0","2","29552640"
"11/07/2013 20:34:59.509","0.20000000000000001","0","0","0","2","29552640"
"11/07/2013 20:35:04.516","0","0","0","0","2","29552640"
"11/07/2013 20:35:09.524","0","0","0","0","2","29552640"
"11/07/2013 20:35:14.531","0","0","0","0","2","29552640"
"11/07/2013 20:35:19.538","0","0","0","0","2","29552640"
"11/07/2013 20:35:24.545","0.40000000000000002","0","0","0","2","29552640"
"11/07/2013 20:35:29.552","0","0","0","0","2","29552640"
"11/07/2013 20:35:34.560","0.20000000000000001","0","0","0","2","29552640"
"11/07/2013 20:35:39.567","0","0","0","0","2","29552640"
"11/07/2013 20:35:44.574","0","0","0","0","2","29552640"
"11/07/2013 20:35:49.581","0","0","0","0","2","29552640"
"11/07/2013 20:35:54.588","0","0","0","0","2","29552640"
"11/07/2013 20:35:59.596","0","0","0","0","2","29552640"
"11/07/2013 20:36:04.603","0","0","0","0","2","29552640"
"11/07/2013 20:36:09.610","0","0","0","0","2","29552640"
"11/07/2013 20:36:14.617","0","0","0","0","2","29552640"
"11/07/2013 20:36:19.624","0","0","0","0","2","29552640"
"11/07/2013 20:36:24.632","0","0","0","0","2","29552640"
"11/07/2013 20:36:29.639","0.20000000000000001","0","0","0","2","29552640"
"11/07/2013 20:36:34.646","0","0","0","0","2","29552640"
"11/07/2013 20:36:39.653","0","0","0","0","2","29552640"
"11/07/2013 20:36:44.660","0","0","0","0","2","29552640"
"11/07/2013 20:36:49.668","0","0","0","0","2","29552640"
"11/07/2013 20:36:54.675","0","0","0","0","2","29552640"
"11/07/2013 20:36:59.682","0","0","0","0","2","29552640"
"11/07/2013 20:37:04.689","0.20000000000000001","0","0","0","2","29552640"
"11/07/2013 20:37:09.696","0","0","0","0","2","29552640"
"11/07/2013 20:37:14.704","0","0","0","0","2","29552640"
"11/07/2013 20:37:19.711","0.20000000000000001","0","0","0","2","29552640"
"11/07/2013 20:37:24.718","0","0","0","0","2","29552640"
"11/07/2013 20:37:29.725","0","0","0","0","2","29552640"
"11/07/2013 20:37:34.732","0.20000000000000001","0","0","0","2","29552640"
"11/07/2013 20:37:39.740","0","0","0","0","2","29552640"
"11/07/2013 20:37:44.747","0","0","0","0","2","29552640"
"11/07/2013 20:37:49.754","0","0","0","0","2","29552640"
"11/07/2013 20:37:54.761","0","0","0","0","2","29552640"
"11/07/2013 20:37:59.768","0","0","0","0","2","29552640"
"11/07/2013 20:38:04.776","0","0","0","0","2","29552640"
"11/07/2013 20:38:09.783","0","0","0","0","2","29552640"
"11/07/2013 20:38:14.790","0.20000000000000001","0","0","0","2","29552640"
"11/07/2013 20:38:19.797","0.20000000000000001","0","0","0","2","29552640"
"11/07/2013 20:38:24.804","0","0","0","0","2","29552640"
"11/07/2013 20:38:29.812","0","0","0","0","2","29552640"
"11/07/2013 20:38:34.819","0.40000000000000002","0","0","0","2","29552640"
"11/07/2013 20:38:39.826","0","0","0","0","2","29552640"
"11/07/2013 20:38:44.833","0","0","0","0","2","29552640"
"11/07/2013 20:38:49.840","0.20000000000000001","0","0","0","2","29552640"
"11/07/2013 20:38:54.848","0","0","0","0","2","29552640"
"11/07/2013 20:38:59.855","0","0","0","0","2","29552640"
"11/07/2013 20:39:04.862","0","0","0","0","2","29552640"
"11/07/2013 20:39:09.869","0","0","0","0","2","29552640"
"11/07/2013 20:39:14.876","0","0","0","0","2","29552640"
"11/07/2013 20:39:19.884","0.40000000000000002","0","0","0","2","29552640"
"11/07/2013 20:39:24.891","0","0","0","0","2","29552640"
"11/07/2013 20:39:29.898","0","0","0","0","2","29552640"
"11/07/2013 20:39:34.905","0","0","0","0","2","29552640"
"11/07/2013 20:39:39.912","0.20000000000000001","0","0","0","2","29552640"
"11/07/2013 20:39:44.920","0.20000000000000001","0","0","0","2","29552640"
"11/07/2013 20:39:49.927","0","0","0","0","2","29552640"
"11/07/2013 20:39:54.934","0","0","0","0","2","29552640"
"11/07/2013 20:39:59.941","0","0","0","0","2","29552640"
"11/07/2013 20:40:04.948","0","0","0","0","2","29552640"
"11/07/2013 20:40:09.956","0","0","0","0","2","29552640"
"11/07/2013 20:40:14.963","0.20000000000000001","0","0","0","2","29552640"
"11/07/2013 20:40:19.970","0","0","0","0","2","29552640"
"11/07/2013 20:40:24.977","0","0","0","0","2","29552640"
"11/07/2013 20:40:29.984","0","0","0","0","2","29552640"
"11/07/2013 20:40:34.992","0","0","0","0","2","29552640"
"11/07/2013 20:40:39.999","0","0","0","0","2","29552640"
"11/07/2013 20:40:45.006","0","0","0","0","2","29552640"
"11/07/2013 20:40:50.013","0.20000000000000001","0","0","0","2","29552640"
"11/07/2013 20:40:55.020","0.40000000000000002","0","0","0","2","29552640"
"11/07/2013 20:41:00.028","0","0","0","0","2","29552640"
"11/07/2013 20:41:05.035","0","0","0","0","2","29552640"
"11/07/2013 20:41:10.042","0","0","0","0","2","29552640"
"11/07/2013 20:41:15.049","0.20000000000000001","0","0","0","2","29552640"
"11/07/2013 20:41:20.056","0.20000000000000001","0","0","0","2","29552640"
"11/07/2013 20:41:25.064","0","0","0","0","2","29552640"
"11/07/2013 20:41:30.071","0.20000000000000001","0","0","0","2","29552640"
"11/07/2013 20:41:35.078","0.20000000000000001","0","0","0","2","29552640"
"11/07/2013 20:41:40.085","0","0","0","0","2","29552640"
"11/07/2013 20:41:45.092","0","0","0","0","2","29552640"
"11/07/2013 20:41:50.100","0","0","0","0","2","29552640"
"11/07/2013 20:41:55.107","0","0","0","0","2","29552640"
"11/07/2013 20:42:00.114","0.20000000000000001","0","0","0","2","29552640"
"11/07/2013 20:42:05.121","0","0","0","0","2","29552640"
"11/07/2013 20:42:10.128","0","0","0","0","2","29552640"
"11/07/2013 20:42:15.136","0","0","0","0","2","29552640"
"11/07/2013 20:42:20.143","0","0","0","0","2","29552640"
"11/07/2013 20:42:25.150","0","0","0","0","2","29552640"
"11/07/2013 20:42:30.157","0","0","0","0","2","29552640"
"11/07/2013 20:42:35.164","0","0","0","0","2","29552640"
"11/07/2013 20:42:40.172","0.20000000000000001","0","0","0","2","29552640"
"11/07/2013 20:42:45.179","0","0","0","0","2","29552640"
"11/07/2013 20:42:50.186","0","0","0","0","2","29552640"
"11/07/2013 20:42:55.193","0","0","0","0","2","29552640"
"11/07/2013 20:43:00.200","0.20000000000000001","0","0","0","2","29552640"
"11/07/2013 20:43:05.208","0","0","0","0","2","29552640"
"11/07/2013 20:43:10.215","0.20000000000000001","0","0","0","2","29552640"
"11/07/2013 20:43:15.222","0","0","0","0","2","29552640"
"11/07/2013 20:43:20.229","0","0","0","0","2","29552640"
"11/07/2013 20:43:25.236","0","0","0","0","2","29552640"
"11/07/2013 20:43:30.244","0.20000000000000001","0","0","0","2","29552640"
"11/07/2013 20:43:35.251","0","0","0","0","2","29552640"
"11/07/2013 20:43:40.258","0","0","0","0","2","29552640"
"11/07/2013 20:43:45.265","0","0","0","0","2","29552640"
"11/07/2013 20:43:50.272","0","0","0","0","2","29552640"
"11/07/2013 20:43:55.280","0.20000000000000001","0","0","0","2","29552640"
"11/07/2013 20:44:00.287","0.20000000000000001","0","0","0","2","29552640"
"11/07/2013 20:44:05.294","0.20000000000000001","0","0","0","2","29552640"
"11/07/2013 20:44:10.301","0","0","0","0","2","29552640"
"11/07/2013 20:44:15.308","0","0","0","0","2","29552640"
"11/07/2013 20:44:20.316","0","0","0","0","2","29552640"
"11/07/2013 20:44:25.323","0","0","0","0","2","29552640"
"11/07/2013 20:44:30.330","0","0","0","0","2","29552640"
"11/07/2013 20:44:35.337","0","0","0","0","2","29552640"
"11/07/2013 20:44:40.344","0","0","0","0","2","29552640"
"11/07/2013 20:44:45.352","0","0","0","0","2","29552640"
"11/07/2013 20:44:50.359","0","0","0","0","2","29552640"
"11/07/2013 20:44:55.366","0","0","0","0","2","29552640"
"11/07/2013 20:45:00.373","0","0","0","0","2","29552640"
"11/07/2013 20:45:05.380","0","0","0","0","2","29552640"
"11/07/2013 20:45:10.388","0.20000000000000001","0","0","0","2","29552640"
"11/07/2013 20:45:15.395","0.20000000000000001","0","0","0","2","29552640"
"11/07/2013 20:45:20.402","0.20000000000000001","0","0","0","2","29552640"
"11/07/2013 20:45:25.409","0","0","0","0","2","29552640"
"11/07/2013 20:45:30.416","0.20000000000000001","0","0","0","2","29552640"
"11/07/2013 20:45:35.424","0","0","0","0","2","29552640"
"11/07/2013 20:45:40.431","0","0","0","0","2","29552640"
"11/07/2013 20:45:45.438","0.20000000000000001","0","0","0","2","29552640"
"11/07/2013 20:45:50.445","0","0","0","0","2","29552640"
"11/07/2013 20:45:55.452","0","0","0","0","2","29552640"
"11/07/2013 20:46:00.460","0","0","0","0","2","29552640"
"11/07/2013 20:46:05.467","0","0","0","0","2","29552640"
"11/07/2013 20:46:10.474","0","0","0","0","2","29552640"
"11/07/2013 20:46:15.481","0","0","0","0","2","29552640"
"11/07/2013 20:46:20.488","0.20000000000000001","0","0","0","2","29552640"
"11/07/2013 20:46:25.496","0","0","0","0","2","29552640"
"11/07/2013 20:46:30.503","0","0","0","0","2","29552640"
"11/07/2013 20:46:35.510","0","0","0","0","2","29552640"
"11/07/2013 20:46:40.517","0.20000000000000001","0","0","0","2","29552640"
"11/07/2013 20:46:45.524","0","0","0","0","2","29552640"
"11/07/2013 20:46:50.532","0.20000000000000001","0","0","0","2","29552640"
"11/07/2013 20:46:55.539","0.20000000000000001","0","0","0","2","29552640"
"11/07/2013 20:47:00.546","0.20000000000000001","0","0","0","2","29552640"
"11/07/2013 20:47:05.553","0","0","0","0","2","29552640"
"11/07/2013 20:47:10.560","0","0","0","0","2","29552640"
"11/07/2013 20:47:15.568","0.80000000000000004","0","0","0","2","29552640"
"11/07/2013 20:47:20.575","0","0","0","0","2","29552640"
"11/07/2013 20:47:25.582","0.59999999999999998","0","0","0","2","29552640"
"11/07/2013 20:47:30.589","0.59999999999999998","0","0","0","2","29552640"
"11/07/2013 20:47:35.596","0.80000000000000004","0","0","0","2","29552640"
